[
    {
        "nombre": "ALVARADO ESPINOZA JORGE RAFAEL",
        "email": "jalvaradoe3@gmail.com",
        "telefono": "0999309899          ",
        "servicio": "",
        "mensaje": "aaaaaaaaaaaaaaaaaa",
        "fecha": "2025-09-18 16:31:55",
        "ip": "127.0.0.1",
        "user_agent": "Mozilla\/5.0 (Windows NT 10.0; Win64; x64) AppleWebKit\/537.36 (KHTML, like Gecko) Chrome\/137.0.0.0 Safari\/537.36 OPR\/121.0.0.0"
    },
    {
        "nombre": "ALVARADO ESPINOZA JORGE RAFAEL",
        "email": "jalvaradoe3@gmail.com",
        "telefono": "0999309899          ",
        "servicio": "Control de Murciélagos",
        "mensaje": "aaaaaaaaaaaaaaaaaaaaa",
        "fecha": "2025-09-18 16:32:12",
        "ip": "127.0.0.1",
        "user_agent": "Mozilla\/5.0 (Windows NT 10.0; Win64; x64) AppleWebKit\/537.36 (KHTML, like Gecko) Chrome\/137.0.0.0 Safari\/537.36 OPR\/121.0.0.0"
    },
    {
        "nombre": "ALVARADO ESPINOZA JORGE RAFAEL",
        "email": "jalvaradoe3@gmail.com",
        "telefono": "0999309899          ",
        "servicio": "Control de Murciélagos",
        "mensaje": "aaaaaaaaaaaaaaaaaaaaa",
        "fecha": "2025-09-18 16:33:38",
        "ip": "127.0.0.1",
        "user_agent": "Mozilla\/5.0 (Windows NT 10.0; Win64; x64) AppleWebKit\/537.36 (KHTML, like Gecko) Chrome\/137.0.0.0 Safari\/537.36 OPR\/121.0.0.0"
    },
    {
        "nombre": "ALVARADO ESPINOZA JORGE RAFAEL",
        "email": "jalvaradoe3@gmail.com",
        "telefono": "0999309899          ",
        "servicio": "Control de Murciélagos",
        "mensaje": "asdasd",
        "fecha": "2025-09-18 16:33:54",
        "ip": "127.0.0.1",
        "user_agent": "Mozilla\/5.0 (Windows NT 10.0; Win64; x64) AppleWebKit\/537.36 (KHTML, like Gecko) Chrome\/137.0.0.0 Safari\/537.36 OPR\/121.0.0.0"
    },
    {
        "nombre": "ALVARADO ESPINOZA JORGE RAFAEL",
        "email": "jalvaradoe3@gmail.com",
        "telefono": "0999309899          ",
        "servicio": "Control de Murciélagos",
        "mensaje": "asdasd",
        "fecha": "2025-09-18 16:34:45",
        "ip": "127.0.0.1",
        "user_agent": "Mozilla\/5.0 (Windows NT 10.0; Win64; x64) AppleWebKit\/537.36 (KHTML, like Gecko) Chrome\/137.0.0.0 Safari\/537.36 OPR\/121.0.0.0"
    },
    {
        "nombre": "ALVARADO ESPINOZA JORGE RAFAEL",
        "email": "jalvaradoe32@gmail.com",
        "telefono": "0999309899          ",
        "servicio": "Control de Termitas Subterráneas",
        "mensaje": "asdasdasd",
        "fecha": "2025-09-18 16:36:28",
        "ip": "127.0.0.1",
        "user_agent": "Mozilla\/5.0 (Windows NT 10.0; Win64; x64) AppleWebKit\/537.36 (KHTML, like Gecko) Chrome\/137.0.0.0 Safari\/537.36 OPR\/121.0.0.0"
    },
    {
        "nombre": "ALVARADO ESPINOZA JORGE RAFAEL",
        "email": "jalvaradoe3@gmail.com",
        "telefono": "0999309899          ",
        "servicio": "Control de Termitas Subterráneas",
        "mensaje": "aaaaaaaaaaaaaaaa",
        "fecha": "2025-09-18 16:46:33",
        "ip": "127.0.0.1",
        "user_agent": "Mozilla\/5.0 (Windows NT 10.0; Win64; x64) AppleWebKit\/537.36 (KHTML, like Gecko) Chrome\/137.0.0.0 Safari\/537.36 OPR\/121.0.0.0"
    },
    {
        "nombre": "ALVARADO ESPINOZA JORGE RAFAEL",
        "email": "jalvaradoe3@gmail.com",
        "telefono": "0999309899          ",
        "servicio": "Control de Termitas Subterráneas",
        "mensaje": "aaaaaaaaaaaaaaaa",
        "fecha": "2025-09-18 16:50:12",
        "ip": "127.0.0.1",
        "user_agent": "Mozilla\/5.0 (Windows NT 10.0; Win64; x64) AppleWebKit\/537.36 (KHTML, like Gecko) Chrome\/137.0.0.0 Safari\/537.36 OPR\/121.0.0.0"
    },
    {
        "nombre": "ALVARADO ESPINOZA JORGE RAFAEL",
        "email": "jalvaradoe3@gmail.com",
        "telefono": "0999309899          ",
        "servicio": "Control de Hormigas",
        "mensaje": "cccccccccccccccccc",
        "fecha": "2025-09-18 16:50:28",
        "ip": "127.0.0.1",
        "user_agent": "Mozilla\/5.0 (Windows NT 10.0; Win64; x64) AppleWebKit\/537.36 (KHTML, like Gecko) Chrome\/137.0.0.0 Safari\/537.36 OPR\/121.0.0.0"
    },
    {
        "nombre": "ALVARADO ESPINOZA JORGE RAFAEL",
        "email": "jalvaradoe3@gmail.com",
        "telefono": "0999309899          ",
        "servicio": "Control de Termitas Subterráneas",
        "mensaje": "asdasd",
        "fecha": "2025-09-18 16:56:07",
        "ip": "127.0.0.1",
        "user_agent": "Mozilla\/5.0 (Windows NT 10.0; Win64; x64) AppleWebKit\/537.36 (KHTML, like Gecko) Chrome\/137.0.0.0 Safari\/537.36 OPR\/121.0.0.0"
    },
    {
        "nombre": "ALVARADO ESPINOZA JORGE RAFAEL",
        "email": "jalvaradoe3@gmail.com",
        "telefono": "0999309899          ",
        "servicio": "Control de Murciélagos",
        "mensaje": "adasdasd",
        "fecha": "2025-09-18 16:59:22",
        "ip": "127.0.0.1",
        "user_agent": "Mozilla\/5.0 (Windows NT 10.0; Win64; x64) AppleWebKit\/537.36 (KHTML, like Gecko) Chrome\/137.0.0.0 Safari\/537.36 OPR\/121.0.0.0"
    },
    {
        "nombre": "FAST CONTROL PEST2",
        "email": "jalvaradoe3@gmail.com",
        "telefono": "0999309899          ",
        "servicio": "",
        "mensaje": "dsgdfgdfg",
        "fecha": "2025-09-18 17:01:07",
        "ip": "127.0.0.1",
        "user_agent": "Mozilla\/5.0 (Windows NT 10.0; Win64; x64) AppleWebKit\/537.36 (KHTML, like Gecko) Chrome\/137.0.0.0 Safari\/537.36 OPR\/121.0.0.0"
    },
    {
        "nombre": "ALVARADO ESPINOZA JORGE RAFAEL",
        "email": "jalvaradoe32@gmail.com",
        "telefono": "0999309899          ",
        "servicio": "Control de Murciélagos",
        "mensaje": "sdfsdfsdf",
        "fecha": "2025-09-18 17:04:29",
        "ip": "127.0.0.1",
        "user_agent": "Mozilla\/5.0 (Windows NT 10.0; Win64; x64) AppleWebKit\/537.36 (KHTML, like Gecko) Chrome\/137.0.0.0 Safari\/537.36 OPR\/121.0.0.0"
    }
]