{
    "nombre": "FAST CONTROL PEST",
    "slogan": "Control de Plagas Profesional",
    "descripcion": "Empresa especializada en control de plagas urbanas con altos estándares de calidad y protección ambiental.",
    "telefono": "xxxxxxxxxxx",
    "telefono_display": "(593) xxxxxxxxxxx",
    "whatsapp": "593986206825",
    "email": "info@fastcontrolpest.com",
    "email_contacto": "contactos@fastcontrolpest.com",
    "direcciones": {
        "guayaquil": {
            "ciudad": "Guayaquil",
            "direccion": "Alborada 14 Etapa MZ 5 Villa 35",
            "referencia": "Sector Alborada"
        },
        "salinas": {
            "ciudad": "Salinas",
            "direccion": "Dunas 2 MZ B5 Lote 17",
            "referencia": "Sector Dunas"
        }
    },
    "horarios": {
        "lunes_viernes": "08:00 - 17:00",
        "sabados": "09:00 - 16:00",
        "domingos": "Cerrado"
    },
    "redes": {
        "facebook": "https://facebook.com/fastcontrolpest",
        "instagram": "https://instagram.com/fast_control_pest",
        "whatsapp": "https://wa.me/593986206825",
        "google_maps": "https://www.google.com/maps/place/3%C2%B0+CALLEJ%C3%93N+20+NE+15-17,+Guayaquil"
    },
    "mision": "Entregar servicios de control de plagas urbanas con altos estándares de calidad, seguridad y protección del medio ambiente, con atención personalizada y orientada a la satisfacción de los clientes.wwwwwww",
    "vision": "Consolidar nuestro liderazgo y reconocimiento empresarial en el mercado nacional e internacional, como la empresa especializada en el control de plagas urbana y gestión ambiental.",
    "valores": {
        "Calidad": "Servicios profesionales con los más altos estándares",
        "Seguridad": "Protocolos seguros para personas y medio ambiente",
        "Confianza": "Transparencia y honestidad en todos nuestros servicios",
        "Experiencia": "Años de trayectoria en control de plagas",
        "Innovación": "Tecnología avanzada y métodos modernos"
    },
    "certificaciones": [
        "ARCSA - Registro Sanitario",
        "Certificación en Manejo Integrado de Plagas",
        "Licencia Municipal de Funcionamiento",
        "Certificación en Seguridad Industrial"
    ]
}